Album	Year	Song	Main composer	L	M	H	S	NumAuth	OtherAuth	Singer	Lyrics	compound	neg	neu	pos	Label
The Beatles	1968	The Continuing Story of Bungalow Bill	Lennon	1	0	0	0	1	0	Lennon	"  Hey, Bungalow Bill What did you kill, Bungalow Bill? Hey, Bungalow Bill What did you kill, Bungalow Bill?    He went out tiger hunting with his elephant and gun In case of accidents, he always took his mum He's the all American, bullet-headed, Saxon mother's son All the children sing    Hey, Bungalow Bill What did you kill, Bungalow Bill? Hey, Bungalow Bill What did you kill, Bungalow Bill?    Deep in the jungle, where the mighty tiger lies Bill and his elephants were taken by surprise So Captain Marvel zapped him right between the eyes All the children sing    Hey, Bungalow Bill What did you kill, Bungalow Bill? Hey, Bungalow Bill What did you kill, Bungalow Bill?    The children asked him if to kill was not a sin ""Not when he looked so fierce,"" his mummy butted in ""If looks could kill, it would have been us instead of him"" All the children sing    Hey, Bungalow Bill What did you kill, Bungalow Bill? Hey, Bungalow Bill What did you kill, Bungalow Bill? Hey, Bungalow Bill What did you kill, Bungalow Bill? Hey, Bungalow Bill What did you kill, Bungalow Bill? Hey, Bungalow Bill What did you kill, Bungalow Bill? Hey, Bungalow Bill What did you kill, Bungalow Bill? Hey, Bungalow Bill What did you kill, Bungalow Bill? Hey, Bungalow Bill What did you kill, Bungalow Bill?    Eh, up!"	-0.9979	0.284	0.689	0.027	n
Abbey Road	1969	I Want You (She's So Heavy)	Lennon	1	0	0	0	1	0	Lennon	  I want you I want you so bad I want you I want you so bad, it's driving me mad It's driving me mad I want you I want you so bad, babe I want you I want you so bad, it's driving me mad It's driving me...    I want you I want you so bad, babe I want you I want you so bad, it's driving me mad It's driving me mad I want you I want you so bad I want you I want you so bad, it's driving me mad It's driving me...    She's so... Heavy Heavy (Heavy, heavy)       She's so... Heavy She's so heavy (Heavy, heavy)    I want you I want you so bad I want you I want you so bad, it's driving me mad It's driving me mad I want you You know I want you so bad, babe I want you You know I want you so bad, it's driving me mad It's driving me mad Yeah!    She's so...   	-0.9966	0.337	0.515	0.148	n
The Beatles	1968	Cry Baby Cry	Lennon	1	0	0	0	1	0	Lennon	  Cry baby cry Make your mother sigh She's old enough to know better    The king of Marigold was in the kitchen Cooking breakfast for the queen The queen was in the parlour Playing piano for the children of the king    Cry baby cry Make your mother sigh She's old enough to know better So cry baby cry    The king was in the garden Picking flowers for a friend who came to play The queen was in the playroom Painting pictures for the children's holiday    Cry baby cry Make your mother sigh She's old enough to know better So cry baby cry    The duchess of Kircaldy always smiling And arriving late for tea The duke was having problems With a message at the local Bird and Bee    Cry baby cry Make your mother sigh She's old enough to know better So cry baby cry    At twelve o'clock a meeting round the table For a seance in the dark With voices out of nowhere Put on specially by the children for a lark    Cry baby cry Make your mother sigh She's old enough to know better So cry baby cry  Cry cry cry baby Make your mother sigh She's old enough to know better So cry baby cry    Can you take me back where I came from Can you take me back Can you take me back where I came from Brother, can you take me back Can you take me back Mm, can you take me where I came from Can you take me back	-0.9942	0.242	0.646	0.112	n
The Beatles	1968	Yer Blues	Lennon	1	0	0	0	1	0	Lennon	  Two, three...    Yes, I'm lonely Want to die Yes, I'm lonely Want to die If I ain't dead already, woo Girl, you know the reason why    In the morning Want to die In the evening Want to die If I ain't dead already, woo Girl, you know the reason why    My mother was of the sky My father was of the earth But I am of the universe And you know what it's worth I'm lonely Want to die If I ain't dead already, woo Girl, you know the reason why    The eagle picks my eye The worm he licks my bones I feel so suicidal Just like Dylan's Mr. Jones Lonely Want to die If I ain't dead already, woo Girl, you know the reason why    Black cloud crossed my mind Blue mist round my soul Feel so suicidal Even hate my rock and roll Want to die Yeah, want to die If I ain't dead already, woo Girl, you know the reason why	-0.9932	0.312	0.519	0.169	n
Help!	1965	Ticket to Ride	Lennon	1	0	0	0	1	0	Lennon	  I think I'm going to be sad, I think it's today, yeah The girl that's driving me mad is going away    She's got a ticket to ride She's got a ticket to ride She's got a ticket to ride but she don't care    She said that living with me is bringing her down, yeah She would never be free when I was around    She's got a ticket to ride She's got a ticket to ride She's got a ticket to ride but she don't care    I don't know why she's riding so high She ought to think twice, she ought to do right by me Before she gets to saying goodbye She ought to think twice, she ought to do right by me    I think I'm going to be sad, I think it's today, yeah The girl that's driving me mad is going away, yeah    Oh, she's got a ticket to ride She's got a ticket to ride She's got a ticket to ride but she don't care    I don't know why she's riding so high She ought to think twice, she ought to do right by me Before she gets to saying goodbye She ought to think twice, she ought to do right by me    She said that living with me is bringing her down, yeah She would never be free when I was around    Oh, she's got a ticket to ride She's got a ticket to ride She's got a ticket to ride but she don't care    My baby don't care My baby don't care My baby don't care My baby don't care My baby don't care My baby don't care	-0.9919	0.17	0.79	0.04	n
A Hard Day's Night	1964	Tell Me Why 	Lennon	1	0	0	0	1	0	Lennon	  Tell me why you cried, and why you lied to me Tell me why you cried, and why you lied to me    Well I gave you everything I had But you left me sitting on my own Did you have to treat me, oh, so bad All I do is hang my head and moan    Tell me why you cried, and why you lied to me Tell me why you cried, and why you lied to me    If there's something I have said or done Tell me what and I'll apologize If you don't, I really can't go on Holding back these tears in my eyes    Tell me why you cried, and why you lied to me Tell me why you cried, and why you lied to me    Well I beg you on my bended knees If you'll only listen to my pleas Is there anything I can do 'Cause I really can't stand it, I'm so in love with you    Tell me why you cried, and why you lied to me Tell me why you cried, and why you lied to me	-0.9912	0.251	0.682	0.067	n
Revolver	1966	Eleanor Rigby	McCartney	0	1	0	0	1	0	McCartney	  Ah, look at all the lonely people! Ah, look at all the lonely people!    Eleanor Rigby Picks up the rice in the church where a wedding has been Lives in a dream Waits at the window Wearing the face that she keeps in a jar by the door Who is it for?    All the lonely people Where do they all come from? All the lonely people Where do they all belong?    Father McKenzie Writing the words of a sermon that no one will hear No one comes near Look at him working Darning his socks in the night when there's nobody there What does he care?    All the lonely people Where do they all come from? All the lonely people Where do they all belong?    Ah, look at all the lonely people! Ah, look at all the lonely people!    Eleanor Rigby Died in the church and was buried along with her name Nobody came Father McKenzie Wiping the dirt from his hands as he walks from the grave No one was saved    All the lonely people (Ah, look at all the lonely people!) Where do they all come from? All the lonely people (Ah, look at all the lonely people!) Where do they all belong?	-0.9876	0.198	0.769	0.033	n
The Beatles	1968	I'm So Tired	Lennon	1	0	0	0	1	0	Lennon	  I'm so tired, I haven't slept a wink I'm so tired, my mind is on the blink I wonder should I get up and fix myself a drink No, no, no    I'm so tired, I don't know what to do I'm so tired, my mind is set on you I wonder should I call you but I know what you would do    You'd say I'm putting you on But it's no joke, it's doing me harm You know I can't sleep, I can't stop my brain You know it's three weeks, I'm going insane You know I'd give you everything I've got For a little peace of mind    I'm so tired, I'm feeling so upset Although I'm so tired, I'll have another cigarette And curse Sir Walter Raleigh, he was such a stupid git    You'd say I'm putting you on But it's no joke, it's doing me harm You know I can't sleep, I can't stop my brain You know it's three weeks, I'm going insane! You know I'd give you everything I've got For a little peace of mind I'd give you everything I've got for a little peace of mind I'd give you everything I've got for a little peace of mind I'd give you everything I've got for a little peace of mind    Monsieur, monsieur, monsieur, how about another one?	-0.9815	0.198	0.702	0.1	n
Abbey Road	1969	Maxwell's Silver Hammer	McCartney	0	1	0	0	1	0	McCartney	"  Joan was quizzical; Studied pataphysical science in the home Late nights all alone with a test tube, oh, oh, oh, oh Maxwell Edison, majoring in medicine  Calls her on the phone ""Can I take you out to the pictures, Joa-oa-oa-oan?"" But as she's getting ready to go A knock comes on the door    Bang! Bang! Maxwell's silver hammer Came down upon her head Klang! Klang! Maxwell's silver hammer Made sure that she was dead    Back in school again Maxwell plays the fool again Teacher gets annoyed Wishing to avoid an unpleasant sce-e-e-ene She tells Max to stay When the class has gone away So he waits behind Writing 50 times ""I must not be so, o, o, o"" But when she turns her back on the boy He creeps up from behind    Bang! Bang! Maxwell's silver hammer Came down upon her head (Do-do-do-do) Klang! Klang! Maxwell's silver hammer Made sure that she was dead (Do-do-do-do)    P. C. 31 said, ""We caught a dirty one."", Maxwell stands alone Painting testimonial pictures, oh, oh, oh, oh Rose and Valerie,  Screaming from the gallery, say he must go free (Maxwell must go free) The judge does not agree and he tells them so-o-o-o But as the words are leaving his lips A noise comes from behind    Bang! Bang! Maxwell's silver hammer Came down upon his head Klang! Klang! Maxwell's silver hammer Made sure he was dead    Whoa, whoa, whoa Doo-doo doo-doo, doo Silver hammer man"	-0.9758	0.16	0.753	0.088	n
Abbey Road	1969	Come Together	Lennon	1	0	0	0	1	0	Lennon	"  Shoot me Shoot me Shoot me Shoot me    Here come old flat-top, he come groovin' up slowly He got ju-ju eyeball, he one holy roller He got hair down to his knee Got to be a joker, he just do what he please    Shoot me Shoot me Shoot me Shoot me    He wear no shoeshine, he got toe-jam football He got monkey finger, he shoot Coca-Cola He say, ""I know you, you know me"" One thing I can tell you is you got to be free    Come together, right now Over me    Shoot me Shoot me Shoot me Shoot me  Verse 3 He bag production, he got walrus gumboot He got Ono sideboard, he one spinal cracker He got feet down below his knee Hold you in his armchair, you can feel his disease    Come together, right now Over me    Shoot me Shoot me Right!    Come, come, come, come    He roller-coaster, he got early warnin' He got muddy water, he one mojo filter He say, ""One and one and one is three."" Got to be good-lookin' 'cause he's so hard to see    Come together, right now Over me    Shoot me Shoot me Shoot me Shoot me Ugh!    Come together, yeah Come together, yeah Come together, yeah Come together, yeah Come together, yeah Come together, yeah Come together, yeah Uh... Come together, yeah Come together, yeah Come together..."	-0.9724	0.194	0.707	0.099	n
With The Beatles	1963	Not a Second Time	Lennon	1	0	0	0	1	0	Lennon	  You know you made me cry I see no use in wondering why I cry for you    And now you've changed your mind I see no reason to change mine I cry it's through, oh    You're giving me the same old line I'm wondering why You hurt me then You're back again No, no, no, not a second time       You know you made me cry I see no use in wondering why I cry for you    And now you've changed your mind I see no reason to change mine I cry it's through, oh    You're giving me the same old line I'm wondering why You hurt me then You're back again No, no, no, not a second time    Not a second time Not a second time No no no no no Not a second time	-0.9714	0.209	0.715	0.076	n
A Hard Day's Night	1964	Can't Buy Me Love	McCartney	0	1	0	0	1	0	McCartney	  Can't buy me love, love Can't buy me love    I'll buy you a diamond ring, my friend If it makes you feel alright I'll get you anything, my friend If it makes you feel alright 'Cause I don't care too much for money Money can't buy me love    I'll give you all I've got to give If you say you love me too I may not have a lot to give But what I got I'll give to you I don't care too much for money Money can't buy me love    Can't buy me love, everybody tells me so Can't buy me love, no-no-no, no!    Say you don't need no diamond rings And I'll be satisfied Tell me that you want the kind of things That money just can't buy I don't care too much for money Money can't buy me love Ow!       Buy me love, everybody tells me so Can't buy me love, no-no-no, no!    Say you don't need no diamond rings And I'll be satisfied Tell me that you want the kind of things That money just can't buy I don't care too much for money Money can't buy me love    Can't buy me love, love Can't buy me love	-0.9708	0.209	0.641	0.15	n
Sgt. Pepper's Lonely Hearts Club Band	1967	Sgt. Pepper's Lonely Hearts Club Band (Reprise)	McCartney	0	1	0	0	1	0	Lennon/McCartney/ 	  (1,2,3,4) (Bye!)    We're Sgt. Pepper's Lonely Hearts Club Band We hope you have enjoyed the show Sgt. Pepper's Lonely Hearts Club Band We're sorry but it's time to go Sgt. Pepper's lonely, Sgt. Pepper's lonely Sgt. Pepper's lonely, Sgt. Pepper's lonely    Sgt. Pepper's Lonely Hearts Club Band We'd like to thank you once again Sgt. Pepper's one and only Lonely Hearts Club Band It's getting very near the end Sgt. Pepper's lonely, Sgt. Pepper's lonely Sgt. Pepper's Lonely Hearts Club Band	-0.9705	0.311	0.592	0.097	n
Magical Mystery Tour	1967	I Am the Walrus	Lennon	1	0	0	0	1	0	Lennon	  I am he as you are he as you are me and we are all together See how they run like pigs from a gun, see how they fly I'm crying    Sitting on a cornflake, waiting for the van to come Corporation tee-shirt, stupid bloody Tuesday Man, you've been a naughty boy, you let your face grow long    I am the egg man, they are the egg men I am the walrus, goo goo goo joob    Mister City policeman sitting Pretty little policemen in a row See how they fly like Lucy in the sky, see how they run I'm crying, I'm crying I'm crying, I'm crying    Yellow matter custard Dripping from a dead dog's eye Crabalocker fishwife, pornographic priestess Boy, you've been a naughty girl, you let your knickers down    I am the egg man, they are the egg men I am the walrus, goo goo goo joob    Sitting in an English garden waiting for the sun If the sun don't come, you get a tan From standing in the English rain    I am the egg man (now good sir, what are you?) They are the egg men (a poor man, made tame to fortune's blows) I am the walrus, goo goo goo joob (good pity) G-goo goo goo joob    Expert, textpert, choking smokers Don't you think the joker laughs at you? (ho ho ho, hee hee hee, ha ha ha) See how they smile like pigs in a sty See how they snide I'm crying    Semolina pilchard Climbing up the Eiffel Tower Elementary penguin singing Hare Krishna Man, you should have seen them kicking Edgar Allan Poe    I am the egg man, they are the egg men I am the walrus, goo goo goo joob g-goo goo goo joob Goo goo goo joob g-goo goo goo joob, goo goo Joob Joob Joob    Umpa, umpa, stick it up your jumper Everybody's got one, everybody's got one “Villain, take my Purse. If ever thou wilt thrive, bury my Body And give the Letters which thou findst about me To Edmund Earl of Gloucester: seek him out upon the English Party. Oh, untimely death, death–” “I know thee well, a serviceable Villain; as duteous to the Vices of thy Mistress as badness would desire.” “What, is he dead?” “Sit you down, Father; rest you.”	-0.9555	0.11	0.811	0.079	n
Sgt. Pepper's Lonely Hearts Club Band	1967	Fixing a Hole	McCartney	0	1	0	0	1	0	McCartney	  I'm fixing a hole where the rain gets in And stops my mind from wandering Where it will go    I'm filling the cracks that ran through the door And kept my mind from wandering Where it will go    And it really doesn't matter if I'm wrong, I'm right Where I belong, I'm right Where I belong See the people standing there who disagree and never win And wonder why they don't get in my door    I'm painting the room in a colorful way And when my mind is wandering There I will go Ooh, ooh, ooh, ah, ah Hey, hey, hey, hey       And it really doesn't matter if I'm wrong, I'm right Where I belong, I'm right Where I belong Silly people run around, they worry me And never ask me why they don't get past my door    I'm taking the time for a number of things That weren't important yesterday And I still go Ooh, ooh, ooh, ah, ah    I'm fixing a hole where the rain gets in And stops my mind from wandering Where it will go Where it will go I'm fixing a hole where the rain gets in And stops my mind from wandering Where it will go	-0.955	0.111	0.878	0.011	n
The Beatles	1968	Blackbird	McCartney	0	1	0	0	1	0	McCartney	  Blackbird singing in the dead of night Take these broken wings and learn to fly All your life You were only waiting for this moment to arise    Blackbird singing in the dead of night Take these sunken eyes and learn to see All your life You were only waiting for this moment to be free    Blackbird fly, blackbird fly Into the light of the dark black night       Blackbird fly, blackbird fly Into the light of the dark black night    Blackbird singing in the dead of night Take these broken wings and learn to fly All your life You were only waiting for this moment to arise    You were only waiting for this moment to arise You were only waiting for this moment to arise	-0.9501	0.136	0.84	0.024	n
Let It Be	1970	One After 909	Lennon	1	0	0	0	1	0	Lennon/McCartney	"  My baby said she's travelling on the one after 909 I said move over honey I'm travelling on that line I said move over once, move over twice Come on baby don't be cold as ice Said she's travelling on the one after 909    I begged her not to go and I begged her on my bended knees You're only fooling 'round, only fooling 'round with me I said move over once, move over twice Come on, baby, don't be cold as ice Said she's travelling on the one after 909    Pick up my bag, run to the station Railman said ""you've got the wrong location"" Pick up my bag, run right home Then I find I've got the number wrong    Well, she said she's travelling on the one after 909 I said move over honey I'm travelling on that line I said move over once, move over twice Come on, baby, don't be cold as ice She said she's travelling on the one after 909    Pick up my bag, run to the station Railman says you've got the wrong location Pick up my bag, run right home Then I find I've got the number wrong    Well, she said she's travelling on the one after 909 I said move over honey I'm travelling on that line I said move over once, move over twice Come on baby don't be cold as ice Said she's travelling on the one after 9-0 Said she's travelling on the one after 9-0 Said she's travelling on the one after 909    Oh, Danny boy, the altar men are calling"	-0.9186	0.064	0.912	0.024	n
Magical Mystery Tour	1967	The Fool on the Hill	McCartney	0	1	0	0	1	0	McCartney	  Day after day, alone on a hill The man with the foolish grin is keeping perfectly still But nobody wants to know him, they can see that he's just a fool And he never gives an answer    But the fool on the hill sees the sun going down And the eyes in his head see the world spinning around    Well on the way, head in a cloud The man of a thousand voices talking perfectly loud But nobody ever hears him or the sound he appears to make And he never seems to notice    But the fool on the hill sees the sun going down And the eyes in his head see the world spinning around       And nobody seems to like him, they can tell what he wants to do And he never shows his feelings    But the fool on the hill sees the sun going down And the eyes in his head see the world spinning around    Oh, oh, oh, oh, oh, oh, oh Round and round and round and round and round    And he never listens to them, he knows that they're the fools They don't like him    The fool on the hill sees the sun going down And the eyes in his head see the world spinning around    Oh (Round and round and round) Oh	-0.9172	0.117	0.817	0.066	n
Revolver	1966	She Said She Said	Lennon	1	0	0	0	1	0	Lennon	"  She said, ""I know what it's like to be dead I know what it is to be sad"" And she's making me feel like I've never been born    I said, ""who put all those things in your head? Things that make me feel that I'm mad And you're making me feel like I've never been born""    She said, ""you don't understand what I've said"" I said, ""no, no, no, you're wrong"" When I was a boy everything was right Everything was right    I said, ""even though you know what you know I know that I'm ready to leave 'Cause you're making me feel like I've never been born""    She said, ""you don't understand what I said"" I said, ""no, no, no, you're wrong"" When I was a boy everything was right Everything was right    I said, ""even though you know what you know I know that I'm ready to leave 'Cause you're making me feel like I've never been born""    She said, ""I know what it's like to be dead I know what it is to be sad I know what it's like to be dead"""	-0.886	0.14	0.758	0.102	n
Rubber Soul	1965	You Won't See Me	McCartney	0	1	0	0	1	0	McCartney	  When I call you up, your line's engaged I have heard enough, so act your age We have lost the time that was so hard to find And I will lose my mind    If you won't see me (you won't see me) You won't see me (you won't see me)    I don't know why you should want to hide But I can't get through, my hands are tied I won't want to stay, I don't have much to say But I get turned away    And you won't see me (you won't see me) You won't see me (you won't see me)    Time after time You refuse to even listen I wouldn't mind If I knew what I was missing    Though the days are few, they're filled with tears And since I lost you, it feels like years Yes, it seems so long, girl, since you've been gone And I just can't go on    If you won't see me (you won't see me) You won't see me (you won't see me)    Time after time You refuse to even listen I wouldn't mind If I knew what I was missing    Though the days are few, they're filled with tears And since I lost you, it feels like years Yes, it seems so long, girl, since you've been gone And I just can't go on    If you won't see me (you won't see me) You won't see me (you won't see me)    Ooooh oh la la-la Ooooh oh la la-la	-0.8323	0.107	0.832	0.061	n
Let It Be	1970	Dig a Ponny	Lennon	1	0	0	0	1	0	Lennon	  I dig a pony Well, you can celebrate anything you want Yes, you can celebrate anything you want Oh! I do a road hog Well, you can penetrate any place you go Yes, you can penetrate any place you go    I told you so, all I want is you Everything has got to be just like you want it to Because    I pick a moon dog Well, you can radiate everything you are Yes, you can radiate everything you are Oh, now I roll a stoney Well, you can imitate everyone you know Yes, you can imitate everyone you know    I told you so, all I want is you Everything has got to be just like you want it to Because    Ooh, now I feel the wind blow Well, you can indicate everything you see Yes, you can indicate everything you see Oh now I load a lorry Well, you can syndicate any boat you row Yeah, you can syndicate any boat you row    I told you so, all I want is you Everything has got to be just like you want it to Because	0.9911	0.0	0.748	0.252	p
A Hard Day's Night	1964	You Can't Do That	Lennon	1	0	0	0	1	0	Lennon	  I’ve got something to say that might cause you pain If I catch you talking to that boy again I’m going to let you down And leave you flat Because I told you before Oh, you can’t do that    Well, it’s the second time I’ve caught you talking to him Do I have to tell you one more time, I think it’s a sin I think I'll let you down (Let you down) And leave you flat (Going to let you down and leave you flat) Because I told you before Oh, you can’t do that    Everybody's green 'Cause I'm the one who won your love But if they'd seen You talking that way They'd laugh in my face    So please listen to me if you want to stay mine I can’t help my feelings, I go out of my mind I'm going to let you down (Let you down) And leave you flat (Going to let you down and leave you flat) Because I told you before Oh, you can’t do that!    (You can't do that) (You can't do that) (You can't do that) (You can't do that) (You can't do that)    Everybody's green 'Cause I'm the one who won your love But if they'd seen You talking that way They'd laugh in my face    So please listen to me if you want to stay mine I can’t help my feelings, I go out of my mind I'm going to let you down (Let you down) And leave you flat (Going to let you down and leave you flat) Because I told you before Oh, you can’t do that!	0.9911	0.042	0.809	0.149	p
Please Please Me	1963	Ask Me Why	Lennon	1	0	0	0	1	0	Lennon	  I love you, 'cause you tell me things I want to know And it's true that it really only goes to show That I know that I—I, I, I Should never, never, never be blue    Now you're mine, my happiness still makes me cry And in time, you'll understand the reason why If I cry it's not because I'm sad But you're the only love that I've ever had    I can't believe it's happened to me I can't conceive of any more—misery    Ask me why, I'll say I love you And I'm always thinking of you    I love you, 'cause you tell me things I want to know And it's true that it really only goes to show That I know that I—I, I, I Should never, never, never be blue    Ask me why, I'll say I love you And I'm always thinking of you    I can't believe it's happened to me I can't conceive of any more—misery    Ask me why, I'll say I love you And I'm always thinking of you You You	0.9916	0.02	0.769	0.211	p
The Beatles	1968	Martha My Dear	McCartney	0	1	0	0	1	0	McCartney	     Martha, my dear Though I spend my days in conversation Please, remember me Martha, my love Don't forget me Martha, my dear    Hold your head up, you silly girl Look what you've done When you find yourself in the thick of it Help yourself to a bit of what is all around you Silly girl    Take a good look around you Take a good look, you're bound to see That you and me were meant to be for each other Silly girl       Hold your hand out you silly girl See what you've done When you find yourself in the thick of it Help yourself to a bit of what is all around you Silly girl    Martha, my dear You have always been my inspiration Please, be good to me Martha, my love Don't forget me Martha, my dear	0.9923	0.0	0.687	0.313	p
Songs not released on LP	1965	I'm Down	McCartney	0	1	0	0	1	0	McCartney	"  You tell lies thinking I can't see You can't cry 'cause you're laughing at me    I'm down (I'm really down) I'm down (Down on the ground) I'm down (I'm really down) How can you laugh when you know I'm down (How can you laugh) When you know I'm down    Man buys ring, woman throws it away Same old thing happen everyday    I'm down (I'm really down) I'm down (Down on the ground) I'm down (I'm really down) How can you laugh when you know I'm down? (How can you laugh) When you know I'm down?       We're all alone and there nobody else You still moan, ""Keep your hands to yourself!""    I'm down (I'm really down) Oh baby, I'm down (Down on the ground) I'm down (I'm really down) How can you laugh when you know I'm down? (How can you laugh) When you know I'm down? Wow! Baby, I'm down    Oh baby, you know I'm down (I'm really down) Oh yes, I'm down (I'm really down) I'm down on the ground (I'm really down) Ah, down (I'm really down) Oh baby I'm upside down, a yeah yeah yeah yeah yeah  I'm down (I'm really down) Oh baby, I'm down (I'm really down) I'm feeling upside down (I'm really down) Ooh, I'm down (I'm really down) Baby, I'm down yeah Oh baby, I'm down, yeah Baby, I'm down (I'm really down) Well baby, I'm down (I'm really down) Well, baby baby baby (I'm really down) Oh baby, I'm down I'm down, down, down, down, down, down"	0.9936	0.022	0.784	0.195	p
The Beatles	1968	Ob-la-di, Ob-la-da	McCartney	0	1	0	0	1	0	McCartney	"  Desmond has a barrow in the market place Molly is the singer in a band Desmond says to Molly, ""Girl, I like your face"" And Molly says this as she takes him by the hand    Ob-la-di, ob-la-da, life goes on, brah La-la how their life goes on Ob-la-di, ob-la-da, life goes on, brah La-la how their life goes on    Desmond takes a trolley to the jeweler's store (chu chu chu) Buys a twenty carat golden ring (Ring) Takes it back to Molly waiting at the door And as he gives it to her, she begins to sing (Sing)    Ob-la-di, ob-la-da, life goes on, brah La-la how their life goes on Ob-la-di, ob-la-da, life goes on, brah La-la how their life goes on Yeah    In a couple of years they have built a home sweet home With a couple of kids running in the yard Of Desmond and Molly Jones (Ha, ha, ha, ha, ha)    Happy ever after in the market place Desmond lets the children lend a hand (Arm, leg) Molly stays at home and does her pretty face And in the evening she still sings it with the band (Yes!)    Ob-la-di, ob-la-da, life goes on, brah La-la how their life goes on (heh-heh) (Yeah) Ob-la-di, ob-la-da, life goes on, brah La-la how their life goes on    In a couple of years they have built a home sweet home With a couple of kids running in the yard Of Desmond and Molly Jones (Ha, ha, ha, ha, ha) (Yeah)    Happy ever after in the market place Molly lets the children lend a hand (Foot) Desmond stays at home and does his pretty face And in the evening she's a singer with the band (Yeah)    Ob-la-di, ob-la-da, life goes on, brah La-la how their life goes on (Yeah) Ob-la-di, ob-la-da, life goes on, brah La-la how their life goes on    And if you want some fun Take Ob-la-di-bla-da (Ahhh) Thank you"	0.9936	0.0	0.85	0.15	p
Help!	1965	It's Only Love	Lennon	1	0	0	0	1	0	Lennon	  I get high when I see you go by My oh my When you sigh, my, my inside just flies Butterflies Why am I so shy when I'm beside you?    It's only love and that is all Why should I feel the way I do? It's only love, and that is all But it's so hard loving you    Is it right that you and I should fight Every night? Just the sight of you makes nighttime bright Very bright Haven't I the right to make it up girl?    It's only love and that is all Why should I feel the way I do? It's only love, and that is all But it's so hard loving you    Yes it's so hard loving you, loving you	0.9937	0.069	0.622	0.309	p
A Hard Day's Night	1964	I'm Happy Just to Dance With You	Lennon	1	0	0	0	1	0	Harrison	  Before this dance is through I think I'll love you too I'm so happy when you dance with me    I don't want to kiss or hold your hand If it's funny try and understand There is really nothing else I'd rather do 'Cause I'm happy just to dance with you    I don't need to hug or hold you tight I just want to dance with you all night In this world there's nothing I would rather do 'Cause I'm happy just to dance with you    Just to dance with you Is everything I need Before this dance is through I think I'll love you too I'm so happy when you dance with me    If somebody tries to take my place Let's pretend we just can't see his face In this world there's nothing I would rather do 'Cause I'm happy just to dance with you    Just to dance with you Is everything I need Before this dance is through I think I'll love you too I'm so happy when you dance with me    If somebody tries to take my place Let's pretend we just can't see his face In this world there's nothing I would rather do I've discovered I'm in love with you 'Cause I'm happy just to dance with you	0.994	0.035	0.756	0.209	p
Revolver	1966	Doctor Robert	Lennon	1	0	0	0	1	0	Lennon	  Ring, my friend I said you'd call Doctor Robert Day or night he'll be there any time at all Doctor Robert    Doctor Robert You're a new and better man He helps you to understand He does everything he can Doctor Robert    If you're down he'll pick you up Doctor Robert Take a drink from his special cup Doctor Robert    Doctor Robert He's a man you must believe Helping anyone in need No one can succeed like Doctor Robert    Well, well, well, you're feeling fine Well, well, well, he'll make you Doctor Robert    My friend works for the National Health Doctor Robert You'll pay money just to see yourself With Doctor Robert    Doctor Robert You're a new and better man He helps you to understand He does everything he can Doctor Robert    Well, well, well, you're feeling fine Well, well, well, he'll make you Doctor Robert    Ring, my friend I said you'd call Doctor Robert Ring, my friend I said you'd call Doctor Robert Doctor Robert	0.9944	0.018	0.659	0.323	p
Revolver	1966	Here, There and Everywhere	McCartney	0	1	0	0	1	0	McCartney	  To lead a better life I need my love to be here    Here, making each day of the year Changing my life with the wave of her hand Nobody can deny that there's something there    There, running my hands through her hair Both of us thinking how good it can be Someone is speaking but she doesn't know he's there    I want her everywhere and if she's beside me I know I need never care But to love her is to need her everywhere    Knowing that love is to share Each one believing that love never dies Watching her eyes and hoping I'm always there    I want her everywhere and if she's beside me I know I need never care But to love her is to need her everywhere    Knowing that love is to share Each one believing that love never dies Watching her eyes and hoping I'm always there    I will be there and everywhere Here, there and everywhere	0.9948	0.041	0.675	0.284	p
Songs not released on LP	1968	Hey Jude	McCartney	0	1	0	0	1	0	McCartney	  Hey Jude, don't make it bad Take a sad song and make it better Remember to let her into your heart Then you can start to make it better    Hey Jude, don't be afraid You were made to go out and get her The minute you let her under your skin Then you begin to make it better    And anytime you feel the pain, hey Jude, refrain Don't carry the world upon your shoulders For well you know that it's a fool who plays it cool By making his world a little colder Na na na na na na na na na na    Hey Jude, don't let me down You have found her, now go and get her (Let it out and let it in) Remember (Hey Jude) to let her into your heart Then you can start to make it better    So let it out and let it in, hey Jude, begin You're waiting for someone to perform with And don't you know that it's just you, hey Jude, you'll do The movement you need is on your shoulder Na na na na na na na na na yeah    Hey Jude, don't make it bad Take a sad song and make it better Remember to let her under your skin Then you'll begin to make it (Whoa, fucking hell!) Better better better better better better, oh    Yeah yeah yeah yeah yeah yeah yeah Naa na na na na na na, na na na na, hey Jude Naa na na na na na na, na na na na, hey Jude Naa na na na na na na, na na na na, hey Jude Naa na na na na na na, na na na na, hey Jude (Jude Judy Judy Judy Judy Judy owwwww wowww) Naa na na na na na na (Na na na), na na na na, hey Jude (Jude Jude Jude Jude Jude) Naa na na na na na na (Yeah yeah yeah), na na na na, hey Jude (You know you can make, Jude Jude, You're not gonna break it) Naa na (Don't make it bad Jude) na na na na na (Take a sad song and make it better), na na na na, hey Jude Hey Jude, hey Jude wowwwwww Naa na na na na na na, na na na na, hey Jude Naa na na na na na na, na na na na, hey Jude Jude Jude Jude Jude Jude Jude Naa na na na na na na, na na na na, hey Jude Naa na na na na na na, na na na na, hey Jude (Na na na na na na na na na na na na) Naa na na na na na na, na na na na, hey Jude Naa na na na na na na, na na na na, hey Jude Naa na na na na na na (Make it Jude), na na na na, hey Jude (Yeah yeah yeah yeah yeah yeah yeah) Naa na na na na na na, na na na na, hey Jude (Go listen to ya ma ma ma ma ma ma ma ma) Naa na na na na na na, na na na na, hey Jude Naa na na na na na na, na na na na, hey Jude	0.9953	0.033	0.819	0.147	p
The Beatles	1968	Revolution 9	Lennon	1	0	0	0	1	0	"""Instrumental"""	  ...bottle of claret for you if I'd realised. I'd forgotten all about it George, I'm sorry Well do next time Will you forgive me? Mmmyes Cheeky bitch    Number 9, number 9, number 9, number 9, number 9, number 9, number 9, number 9, number 9, number 9, number 9, number 9, number 9, number 9, number    Then there's this Welsh Rarebit wearing some brown underpants About the shortage of grain in Hertfordshire Everyone of them knew that as time went by They'd get a little bit older and a little bit slower but It's all the same thing, in this case manufactured by someone who's always Umpteen time your father's giving it diddly-i-dee District was leaving, intended to pay for    Number 9, number 9  Who's to know? Who was to know?    Number 9, number 9, number 9, number 9, number 9, number 9, number 9, number 9, number 9, number 9, number 9, number 9    I sustained nothing worse than Also for example Whatever you're doing A business deal falls through I informed him on the third night When fortune gives    Number 9, number 9, number 9, number 9, number 9, number 9, number 9, number 9, number 9, number 9, number 9, number 9    Right! Right! Right, right, right, right! Right! Right!    Number 9, number 9, number 9, number 9, number 9, number 9, number 9, number 9, number 9, number 9, number 9, number 9    I've missed all of that It makes me a few days late Compared with, like, wow! And weird stuff like that Taking our sides sometimes Floral bark Rogue doctors have brought this specimen  I have nobody's short-cuts, aha    Number 9, number 9, number 9, number 9, number 9, number 9, number 9, number 9, number 9, number 9, number 9, number 9  With the situation  They are standing still  Upon the telegram  Ooh ooh    Number 9, number 9, number 9, number 9, number 9, number 9, number 9, number 9, number 9, number 9, number 9, number 9  Ooh    A man without terrors from beard to false As the headmaster reported to me My son he really can try as they do to find function Tell what he was saying, and his voice was low and his hive high And his eyes were low    Alright!    Number 9, number 9, number 9, number 9, number 9, number 9, number 9, number 9, number 9, number 9, number 9, number 9    So the wife called me and we'd better go to see a surgeon Or whatever to price it yellow underclothes So, any road, we went to see the dentist instead Who gave her a pair of teeth which wasn't any good at all So instead I'd marry, join the bloody navy and went to sea  Block that kick, block that kick!  In my broken chair, my wings are broken and so is my hair I'm not in the mood for whirling  Um da Aaah    How? Dogs for dogging, hands for clapping Birds for birding and fish for fishing Them for themming and when for whimming  Only to find the night-watchman Unaware of his presence in the building  Onion soup    Number 9, number 9, number 9, number 9, number 9, number 9, number 9, number 9, number 9, number 9, number 9, number 9  Industrial output Financial imbalance  Thrusting it between his shoulder blades  The Watusi The Twist  El Dorado  Take this brother, may it serve you well  Maybe it's nothing Aaah Maybe it's nothing What? What? Oh    Maybe even then Exposure could be difficult thing It's quick like rush for peace is Because it's so much It was like being naked If you become naked    Hold that line, hold that line! Block that kick, block that kick!	0.9955	0.074	0.664	0.262	p
Please Please Me	1963	Please Please Me	Lennon	1	0	0	0	1	0	Lennon/McCartney	  Last night, I said these words to my girl I know you never even try, girl    Come on (Come on), come on (Come on) Come on (Come on), come on (Come on) Please please me, whoa yeah, like I please you    You don't need me to show the way, love Why do I always have to say, love?    Come on (Come on), Come on (Come on) Come on (Come on), Come on (Come on) Please please me, whoa yeah, like I please you    I don't want to sound complaining But you know there's always rain in my heart (in my heart) I do all the pleasing with you it's so hard to reason With you, whoa yeah, why do you make me blue?    Last night, I said these words to my girl I know you never even try girl    Come on (Come on) Come on (Come on) Come on (Come on) Come on (Come on) Please, please me, whoa yeah, like I please you Me, whoa yeah, like I please you Me, whoa yeah, like I please you Me, whoa yeah, like I please you	0.9957	0.021	0.669	0.31	p
The Beatles	1968	Dear Prudence	Lennon	1	0	0	0	1	0	Lennon	     Dear Prudence, won't you come out to play? Dear Prudence, greet the brand new day, hey The sun is up, the sky is blue It's beautiful, and so are you Dear Prudence, won't you come out to play?    Dear Prudence, open up your eyes Dear Prudence, see the sunny skies The wind is low, the birds will sing That you are part of everything Dear Prudence, won't you open up your eyes?    Look around, round, round Look around, round, round Look around    Dear Prudence, let me see you smile Dear Prudence, like a little child The clouds will be a daisy chain So let me see you smile again Dear Prudence, won't you let me see you smile?    Dear Prudence, won't you come out to play? Dear Prudence, greet the brand new day The sun is up, the sky is blue It's beautiful, and so are you Dear Prudence, won't you come out to play?	0.9957	0.011	0.65	0.34	p
A Hard Day's Night	1964	I Should Have Known Better	Lennon	1	0	0	0	1	0	Lennon	  I should have known better with a girl like you That I would love everything that you do And I do, hey, hey, hey, and I do    Whoa, oh, I never realized what a kiss could be This could only happen to me Can't you see, can't you see    That when I tell you that I love you, oh You're going to say you love me too, oh And when I ask you to be mine You're gonna say you love me too    So I should have realized a lot of things before If this is love you've got to give me more Give me more, hey hey hey, give me more       Whoa, oh, I never realized what a kiss could be This could only happen to me Can't you see, can't you see    That when I tell you that I love you, oh You're going to say you love me too, oh And when I ask you to be mine You're going to say you love me too    You love me too, you love me too You love me too	0.9958	0.0	0.744	0.256	p
The Beatles	1968	Helter Skelter	McCartney	0	1	0	0	1	0	McCartney	  When I get to the bottom, I go back to the top of the slide Where I stop, and I turn, and I go for a ride 'Til I get to the bottom, and I see you again! Yeah, yeah, yeah!    Well, do you, don't you want me to love you? I'm coming down fast, but I'm miles above you Tell me, tell me, tell me, come on, tell me the answer! Well, you may be a lover, but you ain't no dancer    Now, Helter skelter Helter skelter Helter skelter Yeah Woo!    Oh, will you, won't you want me to make you? I'm coming down fast, but don't let me break you Tell me, tell me, tell me the answer! You may be a lover, but you ain't no dancer    Look out! Helter skelter Helter skelter Helter skelter Ooh!    Look out! 'Cause here she comes    When I get to the bottom, I go back to the top of the slide And I stop, and I turn, and I go for a ride And I get to the bottom, and I see you again! Yeah, yeah, yeah!    Well, do you, don't you want me to make you? I'm coming down fast, but don't let me break you Tell me, tell me, tell me your answer! You may be a lover, but you ain't no dancer    Look out! Helter skelter Helter skelter Helter skelter    Well look out! Helter skelter! She's coming down fast! Yes, she is! Yes, she is Coming down fast Oh, yeah, Helter Skelter Wooh!       I got blisters on my fingers!	0.9959	0.026	0.748	0.226	p
Songs not released on LP	1964	I Feel Fine	Lennon	1	0	0	0	1	0	Lennon	  Baby's good to me, you know She's happy as can be, you know She said so    I'm in love with her and I feel fine    Baby says she's mine, you know She tells me all the time, you know She said so    I'm in love with her and I feel fine    I'm so glad that she's my little girl She's so glad, she's telling all the world    That her baby buys her things, you know He buys her diamond rings, you know She said so    She's in love with me and I feel fine, mmm       Baby says she's mine, you know She tells me all the time, you know She said so    I'm in love with her and I feel fine    I'm so glad that she's my little girl She's so glad, she's telling all the world    That her baby buys her things, you know He buys her diamond rings, you know She said so    She's in love with me and I feel fine She's in love with me and I feel fine, mmm	0.996	0.0	0.71	0.29	p
Rubber Soul	1965	Drive My Car	McCartney	0	1	0	0	1	0	Lennon/McCartney	  Asked a girl what she wanted to be She said baby, can't you see I wanna be famous, a star on the screen But you can do something in between    Baby, you can drive my car Yes, I'm gonna be a star Baby, you can drive my car And maybe I'll love you    I told that girl that my prospects were good And she said baby, it's understood Working for peanuts is all very fine But I can show you a better time    Baby, you can drive my car Yes, I'm gonna be a star Baby, you can drive my car And maybe I'll love you  Beep beep'm beep beep yeah!       Baby, you can drive my car Yes, I'm gonna be a star Baby, you can drive my car And maybe I'll love you    I told that girl I can start right away When she said listen, babe, I got something to say I got no car and it's breakin' my heart But I've found a driver and that's a start    Baby, you can drive my car Yes, I'm gonna be a star Baby, you can drive my car And maybe I'll love you    Beep beep'm beep beep, yeah! Beep beep'm beep beep, yeah! Beep beep'm beep beep, yeah!	0.9963	0.011	0.745	0.244	p
The Beatles	1968	Birthday	McCartney	0	1	0	0	1	0	Lennon/McCartney	  They say it's your birthday Well, it's my birthday too, yeah They say it's your birthday We're gonna have a good time I'm glad it's your birthday Happy birthday to you    One, two, three, four, five, six, seven, eight!    Yes, we're going to a party, party Yes, we're going to a party, party Yes, we're going to a party, party    I would like you to dance (Birthday) Take a cha-cha-cha-chance (Birthday) I would like you to dance (Birthday) Dance, yeah, woo, come on (Come on)       I would like you to dance (Birthday) Take a cha-cha-cha-chance (Birthday) I would like you to dance (Birthday) Woo, dance! Dance!    They say it's your birthday Well, it's my birthday too, yeah They say it's your birthday We're gonna have a good time I'm glad it's your birthday Happy birthday to you	0.9964	0.0	0.609	0.391	p
The Beatles	1968	Sexy Sadie	Lennon	1	0	0	0	1	0	Lennon	  Sexy Sadie, what have you done? You made a fool of everyone You made a fool of everyone Sexy Sadie, oh, what have you done?    Sexy Sadie, you broke the rules You laid it down for all to see You laid it down for all to see Sexy Sadie, oh, you broke the rules    One sunny day, the world was waiting for a lover (Sexy Sadie) She came along to turn on everyone Sexy Sadie, the greatest of them all (Sexy Sadie, she's the greatest)    Sexy Sadie, how did you know? The world was waiting just for you The world was waiting just for you Sexy Sadie, oh, how did you know?    Sexy Sadie, you'll get yours yet However big you think you are However big you think you are Sexy Sadie, oh, you'll get yours yet    We gave her everything we owned just to sit at her table (Sexy Sadie) Just a smile would lighten everything Sexy Sadie, she's the latest and the greatest of them all    Ooh woo She made a fool of everyone Sexy Sadie  However big you think you are Sexy Sadie	0.9964	0.057	0.636	0.307	p
